Workbook

Sheet 产品清单
A1: 产品ID | B1: 产品名称 | C1: 来源渠道 | D1: 链接/路径 | E1: 版本/Release/Commit | F1: 运行方式 | G1: 主进程名 | H1: 子进程/依赖 | I1: 关键配置 | J1: 备注 | K1: 性能类别
A2: P001 | B2: BongoCat | C2: GitHub Release/本地安装 | D2: C:\Program Files\BongoCat\bongo-cat.exe；安装包 D:\desktop_pet\BongoCat\BongoCat_1.1.0_x64-setup.exe；源码包 D:\desktop_pet\BongoCat\BongoCat-master.zip | E2: v1.1.0 | F2: exe 直接运行 | G2: bongo-cat | H2: msedgewebview2 | I2: 默认桌面常驻；采集主进程+WebView2 子进程树 | J2: 实际测试来源为 GitHub 下载的安装包；运行时确认：bongo-cat.exe；子进程 msedgewebview2.exe | K2: 轻量 2D / WebView 桌宠
A3: P002 | B3: Desktop Mate | C3: Steam | D3: C:\Program Files (x86)\Steam\steamapps\common\Desktop Mate | E3: AppID=3301060 | F3: steam://rungameid/3301060 | G3: DesktopMate | H3: 未观察到固定子进程 | I3: 默认模型/默认设置 | J3: 运行时确认：DesktopMate.exe | K3: 3D / Unity 渲染桌宠
A4: P003 | B4: VPet-Simulator | C4: Steam | D4: C:\Program Files (x86)\Steam\steamapps\common\VPet | E4: AppID=1920960 | F4: steam://rungameid/1920960 | G4: VPet-Simulator.Windows | H4: 未观察到固定子进程 | I4: 记录模型、插件、帧率设置 | J4: 运行时确认：VPet-Simulator.Windows.exe | K4: 轻量 2D / WebView 桌宠
A5: P004 | B5: Desktop Goose | C5: itch.io | D5: C:\Users\zoeuuliu\Downloads\Desktop Goose v0.31\DesktopGoose v0.31\GooseDesktop.exe；来源页 https://samperson.itch.io/desktop-goose；下载包 C:\Users\zoeuuliu\Downloads\Desktop Goose v0.31.zip | E5: v0.31 | F5: itch.io 安装包 / exe 直接运行 | G5: GooseDesktop | H5: 未观察到固定子进程 | I5: 记录是否开启恶作剧/文件拖拽等功能 | J5: 已解压到本机 Downloads；运行时确认：GooseDesktop.exe | K5: 干扰型桌面宠物
A6: P005 | B6: Ai Vpet | C6: Steam | D6: C:\Program Files (x86)\Steam\steamapps\common\Ai Vpet | E6: AppID=3029820 | F6: steam://rungameid/3029820 | G6: Ai Vpet | H6: UnityCrashHandler64 | I6: 记录 AI/语音/模型设置 | J6: 运行时确认：Ai Vpet.exe；子进程 UnityCrashHandler64.exe | K6: AI / WebView / 多进程桌宠
A7: P006 | B7: Tiny Pasture | C7: Steam | D7: C:\Program Files (x86)\Steam\steamapps\common\TinyPasture | E7: AppID=3167550 | F7: steam://rungameid/3167550 | G7: TinyPasture | H7: 未观察到固定子进程 | I7: 记录显示/窗口/动画设置 | J7: 运行时确认：TinyPasture.exe | K7: 轻量 2D / WebView 桌宠
A8: P007 | B8: Pocket Waifu:Desktop Pet | C8: Steam | D8: C:\Program Files (x86)\Steam\steamapps\common\Pocket Waifu Pet | E8: AppID=2989820 | F8: steam://rungameid/2989820 | G8: PocketWaifu | H8: UnityCrashHandler64 | I8: 记录模型/交互/联网设置 | J8: 运行时确认：PocketWaifu.exe；子进程 UnityCrashHandler64.exe | K8: 3D / Unity 渲染桌宠
A9: P008 | B9: Rusty's Retirement | C9: Steam | D9: C:\Program Files (x86)\Steam\steamapps\common\Rusty's Retirement | E9: AppID=2666510 | F9: steam://rungameid/2666510 | G9: Rusty's Retirement | H9: UnityCrashHandler64 | I9: 记录是否窗口化/常驻/游戏场景 | J9: 运行时确认：Rusty's Retirement.exe；子进程 UnityCrashHandler64.exe | K9: 常驻桌面游戏
A10: P009 | B10: MateEngine | C10: Steam | D10: C:\Program Files (x86)\Steam\steamapps\common\MateEngine | E10: AppID=3625270 | F10: steam://rungameid/3625270 | G10: MateEngineX | H10: UnityCrashHandler64 | I10: 记录模型、渲染和 AI 功能设置 | J10: 运行时确认：MateEngineX.exe；子进程 UnityCrashHandler64.exe | K10: 3D / Unity 渲染桌宠
A11: P010 | B11: Ai桌面宠物 | C11: Steam | D11: C:\Program Files (x86)\Steam\steamapps\common\AIDesktopPet | E11: AppID=4227700 | F11: steam://rungameid/4227700 | G11: AIDesktopPet | H11: AIDesktopPet 多进程；AI 功能可能拉起 python/pythonw/ffmpeg/node | I11: 记录 AI/语音/联网/模型设置 | J11: 运行时确认：AIDesktopPet.exe 多进程 | K11: AI / WebView / 多进程桌宠
A12: P011 | B12: 角落里的艾果 Eggo | C12: Steam | D12: C:\Program Files (x86)\Steam\steamapps\common\Eggo | E12: AppID=3700760 | F12: steam://rungameid/3700760 | G12: Eggo | H12: 未观察到固定子进程 | I12: 记录桌面常驻和交互配置 | J12: 运行时确认：Eggo.exe | K12: 轻量 2D / WebView 桌宠
... A14: P013 | B14: 猫娘计划 - N.E.K.O | C14: Steam | D14: C:\Program Files (x86)\Steam\steamapps\common\n.e.k.o | E14: AppID=4099310 | F14: steam://rungameid/4099310 | G14: N.E.K.O | H14: N.E.K.O 多进程；projectneko_server/openfang | I14: 记录桌面常驻、模型和交互配置 | J14: 运行时确认：N.E.K.O.exe 多进程；子进程 projectneko_server.exe、openfang.exe | K14: AI / WebView / 多进程桌宠

Sheet 测试环境
A1: 字段 | B1: 填写值 | C1: 说明
A2: 测试日期 | C2: 格式：YYYY-MM-DD
A3: 测试人员
A4: 系统版本 | B4: Windows | C4: 例如 Windows 11 23H2
A5: CPU | C5: 型号和核心数
A6: GPU | C6: 独显/核显型号
A7: 内存 | C7: 容量和频率
A8: 显示器 | C8: 分辨率、刷新率、缩放比例、多屏情况
A9: 电源模式 | C9: 平衡/最佳性能/节能
A10: 网络状态 | C10: 有线/Wi-Fi/代理/离线
A11: 后台控制 | C11: 关闭无关应用、暂停同步/下载
A12: 采样工具 | C12: typeperf/HWiNFO/PresentMon/FrameView 等
A13: 采样间隔 | B13: 1 秒 | C13: 建议统一 1 秒
A14: 系统基线说明 | C14: 测试前 5 分钟背景占用

Sheet 场景记录
A1: 记录ID | B1: 产品ID | C1: 产品名称 | D1: 场景 | E1: 轮次 | F1: 开始时间 | G1: 结束时间 | H1: 时长分钟 | I1: CPU平均% | J1: CPU P95% | K1: CPU最大% | L1: GPU平均% | M1: GPU P95% | N1: GPU最大% | O1: 内存平均MB | P1: 内存最大MB | Q1: 显存平均MB | R1: 显存最大MB | S1: 句柄增长 | T1: 线程增长 | U1: FPS平均 | V1: 1% Low | W1: 帧时间P95ms | X1: 功耗W | Y1: 最高温度C | Z1: 体验评分1-5 | AA1: 风险等级 | AB1: 现象/备注
A2: R001 | B2: P001 | C2: BongoCat | D2: 系统基线 | E2: 1
A3: R002 | B3: P001 | C3: BongoCat | D3: 启动峰值 | E3: 1
A4: R003 | B4: P001 | C4: BongoCat | D4: 空闲常驻 | E4: 1
A5: R004 | B5: P001 | C5: BongoCat | D5: 基础交互 | E5: 1
A6: R005 | B6: P001 | C6: BongoCat | D6: 功能开启 | E6: 1
A7: R006 | B7: P001 | C7: BongoCat | D7: 长时间稳定 | E7: 1
A8: R007 | B8: P001 | C8: BongoCat | D8: 游戏影响 | E8: 1
A9: R008 | B9: P002 | C9: Desktop Mate | D9: 系统基线 | E9: 1
A10: R009 | B10: P002 | C10: Desktop Mate | D10: 启动峰值 | E10: 1
A11: R010 | B11: P002 | C11: Desktop Mate | D11: 空闲常驻 | E11: 1
A12: R011 | B12: P002 | C12: Desktop Mate | D12: 基础交互 | E12: 1
A13: R012 | B13: P002 | C13: Desktop Mate | D13: 功能开启 | E13: 1
... A92: R091 | B92: P013 | C92: 猫娘计划 - N.E.K.O | D92: 游戏影响 | E92: 1

Sheet 采样数据
A1: 样本ID | B1: 记录ID | C1: 时间戳 | D1: 进程名 | E1: CPU% | F1: GPU% | G1: 内存MB | H1: 显存MB | I1: 句柄数 | J1: 线程数 | K1: FPS | L1: 帧时间ms | M1: GPU Busy% | N1: 功耗W | O1: 温度C | P1: 备注
A2: S0001
A3: S0002
A4: S0003
A5: S0004
A6: S0005
A7: S0006
A8: S0007
A9: S0008
A10: S0009
A11: S0010
A12: S0011
A13: S0012
... A51: S0050

Sheet 汇总评分
A1: 产品ID | B1: 产品名称 | C1: 来源渠道 | D1: CPU空闲P95% | E1: GPU空闲P95% | F1: 内存最大MB | G1: 长时间内存增长MB | H1: 游戏1%Low降幅% | I1: 性能评分 | J1: 体验评分 | K1: 稳定性评分 | L1: 隐私/权限风险 | M1: 总分 | N1: 推荐等级 | O1: 结论
A2: P001 | B2: BongoCat | C2: GitHub Release/本地安装 | D2: =IF($A2="","",IFERROR(AVERAGEIFS(场景记录!J:J,场景记录!B:B,$A2,场景记录!D:D,"空闲常驻"),"")) | E2: =IF($A2="","",IFERROR(AVERAGEIFS(场景记录!M:M,场景记录!B:B,$A2,场景记录!D:D,"空闲常驻"),"")) | F2: =IF($A2="","",IFERROR(MAXIFS(场景记录!P:P,场景记录!B:B,$A2),"")) | J2: =IF($A2="","",IFERROR(AVERAGEIFS(场景记录!Z:Z,场景记录!B:B,$A2),"")) | M2: =IF($A2="","",IFERROR(ROUND(AVERAGE(I2:L2),1),"")) | N2: =IF(M2="","",IF(M2>=4.2,"推荐",IF(M2>=3.4,"可接受",IF(M2>=2.6,"谨慎","不推荐"))))
A3: P002 | B3: Desktop Mate | C3: Steam | D3: =IF($A3="","",IFERROR(AVERAGEIFS(场景记录!J:J,场景记录!B:B,$A3,场景记录!D:D,"空闲常驻"),"")) | E3: =IF($A3="","",IFERROR(AVERAGEIFS(场景记录!M:M,场景记录!B:B,$A3,场景记录!D:D,"空闲常驻"),"")) | F3: =IF($A3="","",IFERROR(MAXIFS(场景记录!P:P,场景记录!B:B,$A3),"")) | J3: =IF($A3="","",IFERROR(AVERAGEIFS(场景记录!Z:Z,场景记录!B:B,$A3),"")) | M3: =IF($A3="","",IFERROR(ROUND(AVERAGE(I3:L3),1),"")) | N3: =IF(M3="","",IF(M3>=4.2,"推荐",IF(M3>=3.4,"可接受",IF(M3>=2.6,"谨慎","不推荐"))))
A4: P003 | B4: VPet-Simulator | C4: Steam | D4: =IF($A4="","",IFERROR(AVERAGEIFS(场景记录!J:J,场景记录!B:B,$A4,场景记录!D:D,"空闲常驻"),"")) | E4: =IF($A4="","",IFERROR(AVERAGEIFS(场景记录!M:M,场景记录!B:B,$A4,场景记录!D:D,"空闲常驻"),"")) | F4: =IF($A4="","",IFERROR(MAXIFS(场景记录!P:P,场景记录!B:B,$A4),"")) | J4: =IF($A4="","",IFERROR(AVERAGEIFS(场景记录!Z:Z,场景记录!B:B,$A4),"")) | M4: =IF($A4="","",IFERROR(ROUND(AVERAGE(I4:L4),1),"")) | N4: =IF(M4="","",IF(M4>=4.2,"推荐",IF(M4>=3.4,"可接受",IF(M4>=2.6,"谨慎","不推荐"))))
A5: P004 | B5: Desktop Goose | C5: itch.io | D5: =IF($A5="","",IFERROR(AVERAGEIFS(场景记录!J:J,场景记录!B:B,$A5,场景记录!D:D,"空闲常驻"),"")) | E5: =IF($A5="","",IFERROR(AVERAGEIFS(场景记录!M:M,场景记录!B:B,$A5,场景记录!D:D,"空闲常驻"),"")) | F5: =IF($A5="","",IFERROR(MAXIFS(场景记录!P:P,场景记录!B:B,$A5),"")) | J5: =IF($A5="","",IFERROR(AVERAGEIFS(场景记录!Z:Z,场景记录!B:B,$A5),"")) | M5: =IF($A5="","",IFERROR(ROUND(AVERAGE(I5:L5),1),"")) | N5: =IF(M5="","",IF(M5>=4.2,"推荐",IF(M5>=3.4,"可接受",IF(M5>=2.6,"谨慎","不推荐"))))
A6: P005 | B6: Ai Vpet | C6: Steam | D6: =IF($A6="","",IFERROR(AVERAGEIFS(场景记录!J:J,场景记录!B:B,$A6,场景记录!D:D,"空闲常驻"),"")) | E6: =IF($A6="","",IFERROR(AVERAGEIFS(场景记录!M:M,场景记录!B:B,$A6,场景记录!D:D,"空闲常驻"),"")) | F6: =IF($A6="","",IFERROR(MAXIFS(场景记录!P:P,场景记录!B:B,$A6),"")) | J6: =IF($A6="","",IFERROR(AVERAGEIFS(场景记录!Z:Z,场景记录!B:B,$A6),"")) | M6: =IF($A6="","",IFERROR(ROUND(AVERAGE(I6:L6),1),"")) | N6: =IF(M6="","",IF(M6>=4.2,"推荐",IF(M6>=3.4,"可接受",IF(M6>=2.6,"谨慎","不推荐"))))
A7: P006 | B7: Tiny Pasture | C7: Steam | D7: =IF($A7="","",IFERROR(AVERAGEIFS(场景记录!J:J,场景记录!B:B,$A7,场景记录!D:D,"空闲常驻"),"")) | E7: =IF($A7="","",IFERROR(AVERAGEIFS(场景记录!M:M,场景记录!B:B,$A7,场景记录!D:D,"空闲常驻"),"")) | F7: =IF($A7="","",IFERROR(MAXIFS(场景记录!P:P,场景记录!B:B,$A7),"")) | J7: =IF($A7="","",IFERROR(AVERAGEIFS(场景记录!Z:Z,场景记录!B:B,$A7),"")) | M7: =IF($A7="","",IFERROR(ROUND(AVERAGE(I7:L7),1),"")) | N7: =IF(M7="","",IF(M7>=4.2,"推荐",IF(M7>=3.4,"可接受",IF(M7>=2.6,"谨慎","不推荐"))))
A8: P007 | B8: Pocket Waifu:Desktop Pet | C8: Steam | D8: =IF($A8="","",IFERROR(AVERAGEIFS(场景记录!J:J,场景记录!B:B,$A8,场景记录!D:D,"空闲常驻"),"")) | E8: =IF($A8="","",IFERROR(AVERAGEIFS(场景记录!M:M,场景记录!B:B,$A8,场景记录!D:D,"空闲常驻"),"")) | F8: =IF($A8="","",IFERROR(MAXIFS(场景记录!P:P,场景记录!B:B,$A8),"")) | J8: =IF($A8="","",IFERROR(AVERAGEIFS(场景记录!Z:Z,场景记录!B:B,$A8),"")) | M8: =IF($A8="","",IFERROR(ROUND(AVERAGE(I8:L8),1),"")) | N8: =IF(M8="","",IF(M8>=4.2,"推荐",IF(M8>=3.4,"可接受",IF(M8>=2.6,"谨慎","不推荐"))))
A9: P008 | B9: Rusty's Retirement | C9: Steam | D9: =IF($A9="","",IFERROR(AVERAGEIFS(场景记录!J:J,场景记录!B:B,$A9,场景记录!D:D,"空闲常驻"),"")) | E9: =IF($A9="","",IFERROR(AVERAGEIFS(场景记录!M:M,场景记录!B:B,$A9,场景记录!D:D,"空闲常驻"),"")) | F9: =IF($A9="","",IFERROR(MAXIFS(场景记录!P:P,场景记录!B:B,$A9),"")) | J9: =IF($A9="","",IFERROR(AVERAGEIFS(场景记录!Z:Z,场景记录!B:B,$A9),"")) | M9: =IF($A9="","",IFERROR(ROUND(AVERAGE(I9:L9),1),"")) | N9: =IF(M9="","",IF(M9>=4.2,"推荐",IF(M9>=3.4,"可接受",IF(M9>=2.6,"谨慎","不推荐"))))
A10: P009 | B10: MateEngine | C10: Steam | D10: =IF($A10="","",IFERROR(AVERAGEIFS(场景记录!J:J,场景记录!B:B,$A10,场景记录!D:D,"空闲常驻"),"")) | E10: =IF($A10="","",IFERROR(AVERAGEIFS(场景记录!M:M,场景记录!B:B,$A10,场景记录!D:D,"空闲常驻"),"")) | F10: =IF($A10="","",IFERROR(MAXIFS(场景记录!P:P,场景记录!B:B,$A10),"")) | J10: =IF($A10="","",IFERROR(AVERAGEIFS(场景记录!Z:Z,场景记录!B:B,$A10),"")) | M10: =IF($A10="","",IFERROR(ROUND(AVERAGE(I10:L10),1),"")) | N10: =IF(M10="","",IF(M10>=4.2,"推荐",IF(M10>=3.4,"可接受",IF(M10>=2.6,"谨慎","不推荐"))))
A11: P010 | B11: Ai桌面宠物 | C11: Steam | D11: =IF($A11="","",IFERROR(AVERAGEIFS(场景记录!J:J,场景记录!B:B,$A11,场景记录!D:D,"空闲常驻"),"")) | E11: =IF($A11="","",IFERROR(AVERAGEIFS(场景记录!M:M,场景记录!B:B,$A11,场景记录!D:D,"空闲常驻"),"")) | F11: =IF($A11="","",IFERROR(MAXIFS(场景记录!P:P,场景记录!B:B,$A11),"")) | J11: =IF($A11="","",IFERROR(AVERAGEIFS(场景记录!Z:Z,场景记录!B:B,$A11),"")) | M11: =IF($A11="","",IFERROR(ROUND(AVERAGE(I11:L11),1),"")) | N11: =IF(M11="","",IF(M11>=4.2,"推荐",IF(M11>=3.4,"可接受",IF(M11>=2.6,"谨慎","不推荐"))))
A12: P011 | B12: 角落里的艾果 Eggo | C12: Steam | D12: =IF($A12="","",IFERROR(AVERAGEIFS(场景记录!J:J,场景记录!B:B,$A12,场景记录!D:D,"空闲常驻"),"")) | E12: =IF($A12="","",IFERROR(AVERAGEIFS(场景记录!M:M,场景记录!B:B,$A12,场景记录!D:D,"空闲常驻"),"")) | F12: =IF($A12="","",IFERROR(MAXIFS(场景记录!P:P,场景记录!B:B,$A12),"")) | J12: =IF($A12="","",IFERROR(AVERAGEIFS(场景记录!Z:Z,场景记录!B:B,$A12),"")) | M12: =IF($A12="","",IFERROR(ROUND(AVERAGE(I12:L12),1),"")) | N12: =IF(M12="","",IF(M12>=4.2,"推荐",IF(M12>=3.4,"可接受",IF(M12>=2.6,"谨慎","不推荐"))))
A13: P012 | B13: Molili Ai Friends: Ai 桌面宠物 | C13: Steam | D13: =IF($A13="","",IFERROR(AVERAGEIFS(场景记录!J:J,场景记录!B:B,$A13,场景记录!D:D,"空闲常驻"),"")) | E13: =IF($A13="","",IFERROR(AVERAGEIFS(场景记录!M:M,场景记录!B:B,$A13,场景记录!D:D,"空闲常驻"),"")) | F13: =IF($A13="","",IFERROR(MAXIFS(场景记录!P:P,场景记录!B:B,$A13),"")) | J13: =IF($A13="","",IFERROR(AVERAGEIFS(场景记录!Z:Z,场景记录!B:B,$A13),"")) | M13: =IF($A13="","",IFERROR(ROUND(AVERAGE(I13:L13),1),"")) | N13: =IF(M13="","",IF(M13>=4.2,"推荐",IF(M13>=3.4,"可接受",IF(M13>=2.6,"谨慎","不推荐"))))
A14: P013 | B14: 猫娘计划 - N.E.K.O | C14: Steam | D14: =IF($A14="","",IFERROR(AVERAGEIFS(场景记录!J:J,场景记录!B:B,$A14,场景记录!D:D,"空闲常驻"),"")) | E14: =IF($A14="","",IFERROR(AVERAGEIFS(场景记录!M:M,场景记录!B:B,$A14,场景记录!D:D,"空闲常驻"),"")) | F14: =IF($A14="","",IFERROR(MAXIFS(场景记录!P:P,场景记录!B:B,$A14),"")) | J14: =IF($A14="","",IFERROR(AVERAGEIFS(场景记录!Z:Z,场景记录!B:B,$A14),"")) | M14: =IF($A14="","",IFERROR(ROUND(AVERAGE(I14:L14),1),"")) | N14: =IF(M14="","",IF(M14>=4.2,"推荐",IF(M14>=3.4,"可接受",IF(M14>=2.6,"谨慎","不推荐"))))

Sheet 问题记录
A1: 问题ID | B1: 产品ID | C1: 场景 | D1: 严重度 | E1: 问题类型 | F1: 现象描述 | G1: 复现步骤 | H1: 证据路径 | I1: 处理建议 | J1: 状态
A2: I001 | J2: 待处理
A3: I002 | J3: 待处理
A4: I003 | J4: 待处理
A5: I004 | J5: 待处理
A6: I005 | J6: 待处理
A7: I006 | J7: 待处理
A8: I007 | J8: 待处理
A9: I008 | J9: 待处理
A10: I009 | J10: 待处理
A11: I010 | J11: 待处理
A12: I011 | J12: 待处理
A13: I012 | J13: 待处理
... A16: I015 | J16: 待处理

Sheet 字段说明
A1: 字段/概念 | B1: 说明
A2: P95 | B2: 把采样值从小到大排序后，位于 95% 位置的值，用于观察高占用尾部。
A3: 1% Low | B3: 最低 1% 帧率区间的平均表现，比平均 FPS 更能反映卡顿。
A4: GPU Engine | B4: 任务管理器中显示的 GPU 引擎，如 3D、Copy、Video Decode。
A5: 工作集内存 | B5: 进程当前占用的物理内存，适合观察常驻压力。
A6: 句柄增长 | B6: 起始句柄数与结束句柄数差值，持续增长可能意味着资源泄漏。
A7: 风险等级 | B7: 低：可接受；中：需解释或优化；高：影响体验、安全或稳定性。
A8: 推荐等级 | B8: 由总分初步生成，最终应结合问题记录和主观体验人工确认。

Sheet 自动采集说明
A1: 用途 | B1: 说明
A2: 一键采集 | B2: 使用 tools/collect_desktop_pet_perf.ps1 按产品、进程名、场景和时长自动采集 CPU、GPU、内存、显存、句柄、线程、IO、TCP 连接数。
A3: 配置运行 | B3: 复制 tools/perf_collect_config.example.json，改产品名、进程名和场景后，用 tools/run_perf_from_config.ps1 批量执行。
A4: 导入 Excel | B4: 采集结束后运行 tools/import_perf_results.py，它会把 perf_runs 下的 summary.csv 和 raw_samples.csv 导入本工作簿。
A5: FPS/帧时间 | B5: 使用 PresentMon 或 NVIDIA FrameView 单独导出 CSV，再通过 import_perf_results.py 的 --presentmon-csv 参数导入。
A6: 功耗/温度 | B6: 使用 HWiNFO 传感器日志导出 CSV，再通过 import_perf_results.py 的 --hwinfo-csv 参数导入。
A7: 推荐命令 | B7: powershell -ExecutionPolicy Bypass -File D:\desktop_pet\tools\collect_desktop_pet_perf.ps1 -ProductId P001 -ProductName BongoCat -ProcessName bongo-cat -Scenario 空闲常驻 -DurationSec 600
A8: 导入命令 | B8: C:\Users\zoeuuliu\.cache\codex-runtimes\codex-primary-runtime\dependencies\python\python.exe D:\desktop_pet\tools\import_perf_results.py
A9: 注意 | B9: GPU/显存依赖 Windows GPU 性能计数器；FPS、1% Low、帧时间、功耗、温度需要外部工具日志，普通进程 API 无法稳定直接提供。

Sheet 自动采集导入
A1: 导入ID | B1: 产品ID | C1: 产品名称 | D1: 场景 | E1: 开始时间 | F1: 采样数 | G1: 原始CSV | H1: PresentMon/FrameView CSV | I1: HWiNFO CSV | J1: 导入时间
